Code,Name,AIAssistantID,AIAssistantName,Instructions,IncludeAllDatasheetColumns,DependencyQuestionIDs,DependencyCampaignFactorCodes,DependencySheetColumnNames
leadership_potential_apply,Leadership Potential - APPLY,11000000003,Writer,"LEVEL: ""APPLY"" 

""APPLY"" Level Interpretation Matrix
| Competency | High (3.5-5.0) | Moderate (2.5-3.49) | Low (1.0-2.49) |
| :--- | :--- | :--- | :--- |
| Drives Results | Consistently demonstrates high motivation and initiative to exceed expectations. A strong drive to achieve goals, targets, and results. Seeks fulfillment through impact. Drives a high-performance culture across teams and demonstrates grit and persistence when working toward ambitious targets. | Demonstrates motivation and takes initiative occasionally. Demonstrates a drive to achieve goals, but may need support. Interest in making an impact is present but not sustained. Moderate ability to articulate performance standards that contribute to achieving organisational goals. Occasionally supports performance across teams and shows persistence when working towards goals. | Demonstrates limited motivation or initiative; may meet expectations but does not show a consistent drive to exceed them. Fulfillment from work or desire to make an impact is not clearly evident. Low ability to articulate performance standards that support organisational goals. Needs development in fostering a high-performance culture and in maintaining persistence when faced with challenging goals. |
| Leads People | Consistently takes time to focus on both personal and professional growth - for both self and others. Actively pursues continuous improvement and excellence; shows clear willingness to learn and unlearn. Strongly supports development of others by identifying and leveraging individual strengths. Advocates for learning and career growth, contributing to a culture of learning and continuous improvement. | Focuses on personal and professional growth for self and others and engages in learning activities but may not do so consistently. Displays willingness to learn and unlearn. Recognizes others’ development needs and offers support, though may not consistently nurture growth or advocate for talent advancement. | Has an opportunity to focus more on personal and professional growth for self and others. Can increase engagement in learning activities and become more receptive to feedback. Would benefit from taking a greater interest in developing others and contributing to a learning environment. |
| Manages Stakeholders| Consistently shows capability to lead and inspire others. Displays strong empathy, understanding, and a focus on people. Builds relationships with ease and enjoys social interaction. Demonstrates strong ability to engage key stakeholders, build trust-based relationships, and find synergies for mutual outcomes. Proactively networks and stays connected across internal and external touchpoints. | Displays some ability to lead and inspire others. May show empathy and focus on people inconsistently. Moderate ability to maintain and build relationships with key stakeholders. Often identifies synergies for positive outcomes. Occasionally proactively networks. | Demonstrates limited capability in leading or inspiring others. Social interaction may be minimal or strained. Struggles to build and maintain relationships. Rarely engages with stakeholders and does not leverage relationships for mutual outcomes. Limited presence in networks or cross-functional collaboration. |
| Thinks Strategically| Approaches work with a strong focus on the bigger picture. Operates independently with minimal guidance. Demonstrates a commercial and strategic mindset, regularly anticipating trends and their impact. Effectively balances short-term goals with long-term organizational value. Translates complex goals into clear team actions and helps others understand broader implications. | Demonstrates some awareness of the bigger picture but may need occasional guidance. Understands strategy in parts but may not consistently anticipate trends or broader implications. Occasionally translates organisational goals into meaningful actions. Can focus on both immediate and longer-term needs but may favor one over the other. | Focus tends to be on immediate tasks, creating an opportunity to develop a greater awareness of the bigger picture. Benefits from guidance to connect daily work with the broader strategic direction. Development can be focused on translating organizational priorities into meaningful actions. |
| Solves Challenges | Consistently addresses problems and challenges with confidence and resilience. Takes a diligent, practical, and solution-focused approach. Comfortable navigating ambiguity and complexity. Makes sound decisions under pressure and thrives in environments with multiple demands. | Has the ability to address problems but may need time or support to build confidence and resilience. Attempts a practical approach but not always solution-focused. Moderate ability to handle ambiguity and complex envrionments. Shows some confidence in leading through uncertain environments. | Struggles to address problems confidently. May rely heavily on others. Practical or solution-oriented approaches are limited. Avoids complexity and ambiguity. Rarely takes initiative in resolving obstacles. |
| Steers Change | Thrives in change and complexity. Manages new ways of working with adaptability, flexibility, and decisiveness during change. Plays an active role in transformation initiatives, shows strong resilience, and enables buy-in and alignment from others during change. | Demonstrates ability to cope with change and can adapt when needed. May need support to remain flexible or decisive in uncertain situations. Contributes to organisational change initiatives, may enable buy-in and shows resilience during challenging times. | Struggles with change or uncertainty. May resist new ways of working and has difficulty adapting or deciding in changing circumstances. Rarely contributes to transformation efforts and finds it difficult to stay resilient under shifting demands. Has difficulty enabling buy-in and support. |",FALSE,"32357, 32358, 32359, 32360, 32361, 32362, 32363, 32364, 32365, 32366, 32367, 32368","overall_leadership, drives_results, leads_people, manages_stakeholders, thinks_strategically, solves_challenges",
leadership_potential_guide,Leadership Potential - GUIDE,11000000003,Writer,"LEVEL: ""GUIDE""

GUIDE Level Interpretation Matrix
| Competency | High (3.5-5.0) | Moderate (2.5-3.49) | Low (1.0-2.49) |
| :--- | :--- | :--- | :--- |
| Drives Results | Consistently demonstrates high motivation and initiative to exceed expectations. A strong drive to achieve goals, targets, and results. Seeks fulfillment through impact. Supports and guides team to deliver goals on time. Recognizes high performance, addresses underperformance, displays grit, and manages resources effectively. | Demonstrates motivation and takes initiative occasionally. Demonstrates a drive to achieve goals, but may need support. Interest in making an impact is present but not sustained. Supports team delivery but may need prompting. Occasionally recognizes performance and addresses underperformance. Shows some grit and manages resources with support. | Demonstrates limited motivation or initiative; may meet expectations but does not show a consistent drive to exceed them. Fulfillment from work or desire to make an impact is not clearly evident. Limited support for team delivery. Rarely recognizes performance or addresses underperformance. Struggles with grit and resource management. |
| Leads People | Consistently takes time to focus on both personal and professional growth - for both self and others. Actively pursues continuous improvement and excellence; shows clear willingness to learn and unlearn. Coaches key talent with timely, constructive feedback. Builds capability by offering challenging development opportunities. | Focuses on personal and professional growth for self and others and engages in learning activities but may not do so consistently. Displays willingness to learn and unlearn. Provides feedback and guidance, though not always timely or targeted. Offers some development opportunities, but impact may vary. | Has an opportunity to focus more on personal and professional growth. Would benefit from providing more consistent, meaningful feedback. Development can focus on coaching talent effectively and building individual capability through challenging opportunities. |
| Manages Stakeholders| Consistently shows capability to lead and inspire others. Displays strong empathy, understanding, and a focus on people. Builds relationships with ease and enjoys social interaction. Builds strong relationships to achieve team goals. Understands stakeholder interests and creates long-term partnerships through relationship-building efforts. | Displays some ability to lead and inspire others. May show empathy and focus on people inconsistently. Moderate ability to maintain and build relationships with key stakeholders. Builds relationships when needed to meet goals. Some awareness of stakeholder interests. Maintains connections, but may not actively deepen them. | Demonstrates limited capability in leading or inspiring others. Social interaction may be minimal or strained. Struggles to build and maintain relationships. Engages with stakeholders minimally. Limited understanding of mutual interests. Rarely invests in building or maintaining long-term relationships. |
| Thinks Strategically| Approaches work with a strong focus on the bigger picture. Operates independently with minimal guidance. Demonstrates a commercial and strategic mindset, regularly anticipating trends and their impact. Considers both short- and long-term impact of decisions. Translates departmental strategy into clear, meaningful actions for self and others. | Demonstrates some awareness of the bigger picture but may need occasional guidance. Understands strategy in parts but may not consistently anticipate trends or broader implications. Acknowledges short- and long-term implications, though not always fully. Can link strategy to actions but may need support or clarification. | Focus tends to be on immediate tasks, creating an opportunity to develop a greater awareness of the bigger picture. Benefits from guidance to connect work with strategic direction. Development can be focused on anticipating trends and turning departmental strategy into clear actions. |
| Solves Challenges | Consistently addresses problems and challenges with confidence and resilience. Takes a diligent, practical, and solution-focused approach. Manages conflicting departmental and people priorities effectively and consistently weighs them when making decisions. | Has the ability to address problems but may need time or support to build confidence and resilience. Attempts a practical approach but not always solution-focused. Manages departmental and people priorities but may not always weigh them evenly when making decisions. | Struggles to address problems confidently. May rely heavily on others. Practical or solution-oriented approaches are limited. Struggles to manage conflicting priorities and rarely weighs them appropriately when making decisions. |
| Steers Change | Thrives in change and complexity. Manages new ways of working with adaptability, flexibility, and decisiveness during change. Acts as a role model for positive change, inspiring others and clearly translating the change journey into defined actions. | Demonstrates ability to cope with change and can adapt when needed. May need support to remain flexible or decisive in uncertain situations. Supports change efforts and sometimes inspires others, but may need help translating the journey into clear actions. | Struggles with change or uncertainty. May resist new ways of working and has difficulty adapting or deciding in changing circumstances. Rarely acts as a role model for change and struggles to inspire or define clear actions in the change journey. |",FALSE,"32357, 32358, 32359, 32360, 32361, 32362, 32363, 32364, 32365, 32366, 32367, 32368","overall_leadership, drives_results, leads_people, manages_stakeholders, thinks_strategically, solves_challenges, steers_change",
leadership_potential_shape,Leadership Potential - SHAPE,11000000003,Writer,"LEVEL: ""SHAPE""

SHAPE Level Interpretation Matrix
| Competency | High (3.5-5.0) | Moderate (2.5-3.49) | Low (1.0-2.49) |
| :--- | :--- | :--- | :--- |
| Drives Results | Consistently demonstrates high motivation and initiative to exceed expectations. A strong drive to achieve goals, targets, and results. Seeks fulfillment through impact. High focus on achieving outcomes against set targets and delivers consistent performance to exceed own goals. Shows perseverance and determination to achieve tasks and goals despite challenges. | Demonstrates motivation and takes initiative occasionally. Demonstrates a drive to achieve goals, but may need support. Interest in making an impact is present but not sustained. Moderate focus on outcomes and performance tracking; may occasionally lack focus. Shows perseverance to achieve tasks but may require support in overcoming setbacks or challenges. | Demonstrates limited motivation or initiative; may meet expectations but does not show a consistent drive to exceed them. Fulfillment from work or desire to make an impact is not clearly evident. Low focus on outcomes; may not track performance against goals consistently. There may be a lack of perseverance and problem-solving when faced with setbacks. |
| Leads People | Consistently takes time to focus on both personal and professional growth - for both self and others. Actively pursues continuous improvement and excellence; shows clear willingness to learn and unlearn. Strong ability to resolve problems with team members proactively and achieve common goals. Makes contributions on a continual basis, creates trust and teamwork. | Focuses on personal and professional growth and engages in learning activities but may not do so consistently. Moderate openness to learning and unlearning. Cooperates with team members in most situations but may need guidance to work through conflicts. Makes contributions intermittently and may not always address conflicts when they arise. | Has an opportunity to focus more on personal and professional growth and become more receptive to learning. Would benefit from working more collaboratively to resolve conflicts and achieve common goals. Can increase contributions to build trust within the team. |
| Manages Stakeholders| Consistently shows capability to lead and inspire others. Displays strong empathy, understanding, and a focus on people. Builds relationships with ease and enjoys social interaction. Strong ability to identify and build relationships and connections. Understands stakeholder needs and mutual interests. Works to build long-term relationships. | Displays some ability to lead and inspire others. May show empathy and focus on people but not consistently. Builds relationships but may need support. May have only partial understanding of stakeholder needs and mutual interests. Works to build long-term relationships but may be inconsistent. | Demonstrates limited capability in leading or inspiring others. Social interaction may be minimal or strained. Struggles to build and maintain relationships. Demonstrates limited understanding of stakeholder needs or interdependencies, and does not work to build long-term relationships. |
| Thinks Strategically| Approaches work with a strong focus on the bigger picture. Operates independently with minimal guidance. Demonstrates a commercial and strategic mindset, regularly anticipating trends and their impact. Understands potential risks and seeks guidance to address the issues. Strong ability to revise strategies based on team needs while prioritising tasks accordingly in order to meet set deadlines. | Demonstrates awareness of the bigger picture but may need occasional guidance. Understands strategy in parts but may not consistently anticipate trends or broader implications. Can identify risks with some guidance and seeks input occasionally to address issues. Demonstrates some ability to revise plans but may need reminders to prioritise effectively. | Focus tends to be on immediate tasks, creating an opportunity to develop a greater awareness of the bigger picture. Benefits from guidance to align goals with team direction and recognize potential risks. Development can focus on addressing issues and revising plans with greater independence. |
| Solves Challenges | Consistently addresses problems and challenges with confidence and resilience. Takes a diligent, practical, and solution-focused approach to solving issues. Will likely remain composed in the face of setbacks and approach problems with a positive “can do” attitude. | Demonstrates ability to address problems but may need support or time to build confidence and resilience. Attempts a practical approach but not always solution-focused. Moderate ability to identify issues proactively, and takes action when promoted. Sometimes may struggle to remain composed under pressure. | Struggles to address problems confidently. May rely heavily on others and may not take a practical or solution-oriented approach. Does not prioritise working with others to solve problems and identify solutions. Struggles to remain composed under pressure or maintain a positive approach. |
| Steers Change | Thrives in change and complexity in the workplace. Manages new ways of working with adaptability, flexibility, and decisiveness during uncertainty. Supports implementation of new change initiatives and takes appropriate follow-up action. | Generally copes with change and can adapt when needed. May need support to remain flexible or decisive in uncertain situations. Operates with a degree of comfort when facts are not fully available and support change initiatives, but follow-up action may be delayed or inconsistent. | Struggles with change or uncertainty. May resist new ways of working and has difficulty adapting or deciding in changing circumstances. May be uncomfortable operating when facts are unclear and is unlikely to support change initiatives. |",FALSE,"32358, 32359, 32360, 32361, 32362, 32363, 32364, 32357, 32365, 32366, 32367, 32368","overall_leadership, drives_results, leads_people, manages_stakeholders, thinks_strategically, solves_challenges, steers_change",